Name,Roll,Time
Unknown,,15:48:25
Unknown,,15:48:25
Unknown,,15:48:25
Unknown,,15:48:25
Unknown,,15:48:25
Unknown,,15:48:25
Unknown,,15:48:25
Unknown,,15:48:25
Unknown,,15:48:26
Unknown,,15:48:26
Unknown,,15:48:26
Unknown,,15:48:26
Unknown,,15:48:26
Unknown,,15:48:26
Unknown,,15:48:26
Unknown,,15:48:26
Unknown,,15:48:26
Unknown,,15:48:26
Unknown,,15:48:26
Unknown,,15:48:26
Unknown,,15:48:26
Unknown,,15:48:26
Unknown,,15:48:26
Unknown,,15:48:26
Unknown,,15:48:26
Unknown,,15:48:26
Unknown,,15:48:27
Unknown,,15:48:27
Unknown,,15:48:27
Unknown,,15:48:27
Unknown,,15:48:27
Unknown,,15:48:27
Unknown,,15:48:27
Unknown,,15:48:27
Unknown,,15:48:27
Unknown,,15:48:27
Unknown,,15:48:27
Unknown,,15:48:27
Unknown,,15:48:27
Unknown,,15:48:27
Unknown,,15:48:27
Unknown,,15:48:27
Unknown,,15:48:27
Unknown,,15:48:28
Unknown,,15:48:28
Unknown,,15:48:28
Unknown,,15:48:28
Unknown,,15:48:28
Unknown,,15:48:28
Unknown,,15:48:28
Unknown,,15:48:28
Unknown,,15:48:28
Unknown,,15:48:28
Unknown,,15:48:28
Unknown,,15:48:28
Unknown,,15:48:28
Unknown,,15:48:28
Unknown,,15:48:28
Unknown,,15:48:28
Unknown,,15:48:28
Unknown,,15:48:28
Unknown,,15:48:28
Unknown,,15:48:28
Unknown,,15:48:28
Unknown,,15:48:28
Unknown,,15:48:28
Unknown,,15:48:28
Unknown,,15:48:28
Unknown,,15:48:29
Unknown,,15:48:29
Unknown,,15:48:29
Unknown,,15:48:29
Unknown,,15:48:29
Unknown,,15:48:29
Unknown,,15:48:29
Unknown,,15:48:29
Unknown,,15:48:29
Unknown,,15:48:29
Unknown,,15:48:29
Unknown,,15:48:29
Unknown,,15:48:29
Unknown,,15:48:29
Unknown,,15:48:29
Unknown,,15:48:29
Unknown,,15:48:29
Unknown,,15:48:29
Unknown,,15:48:29
Unknown,,15:48:29
Unknown,,15:48:29
Unknown,,15:48:29
Unknown,,15:48:29
Unknown,,15:48:30
Unknown,,15:48:30
Unknown,,15:48:30
Unknown,,15:48:30
Unknown,,15:48:30
Unknown,,15:48:30
Unknown,,15:48:30
Unknown,,15:48:30
Unknown,,15:48:30
Unknown,,15:48:30
Unknown,,15:48:30
Unknown,,15:48:30
Unknown,,15:48:30
Unknown,,15:48:30
Unknown,,15:48:30
Unknown,,15:48:31
Unknown,,15:48:32
Unknown,,15:48:32
Unknown,,15:48:32
Unknown,,15:48:32
Unknown,,15:48:32
Unknown,,15:48:32
Unknown,,15:48:32
Unknown,,15:48:32
Unknown,,15:48:32
Unknown,,15:48:32
Unknown,,15:48:32
Unknown,,15:48:32
Unknown,,15:48:32
Unknown,,15:48:32
Unknown,,15:48:33
Unknown,,15:48:33
Unknown,,15:48:33
Unknown,,15:48:33
Unknown,,15:48:33
Unknown,,15:48:33
Unknown,,15:48:33
Unknown,,15:48:33
Unknown,,15:48:33
Unknown,,15:48:33
Unknown,,15:48:33
Unknown,,15:48:33
Unknown,,15:48:33
Unknown,,15:48:33
Unknown,,15:48:33
Unknown,,15:48:33
Unknown,,15:48:33
Unknown,,15:48:33
Unknown,,15:48:33
Unknown,,15:48:33
Unknown,,15:48:33
Unknown,,15:48:33
Unknown,,15:48:34
Unknown,,15:48:34
Unknown,,15:48:34
Unknown,,15:48:34
Unknown,,15:48:34
Unknown,,15:48:34
Unknown,,15:48:34
Unknown,,15:48:34
Unknown,,15:48:34
Unknown,,15:48:34
Unknown,,15:48:34
Unknown,,15:48:34
Unknown,,15:48:34
Unknown,,15:48:34
Unknown,,15:48:34
Unknown,,15:48:34
Unknown,,15:48:34
Unknown,,15:48:34
Unknown,,15:48:34
Unknown,,15:48:34
Unknown,,15:48:35
Unknown,,15:48:35
Unknown,,15:48:35
Unknown,,15:48:35
Unknown,,15:48:35
Unknown,,15:48:35
Unknown,,15:48:35
Unknown,,15:48:35
Unknown,,15:48:35
Unknown,,15:48:35
Unknown,,15:48:35
Unknown,,15:48:35
Unknown,,15:48:35
Unknown,,15:48:35
Unknown,,15:48:35
Unknown,,15:48:35
Unknown,,15:48:35
Unknown,,15:48:35
Unknown,,15:48:35
Unknown,,15:48:35
Unknown,,15:48:36
Unknown,,15:48:36
Unknown,,15:48:36
Unknown,,15:48:36
Unknown,,15:48:36
Unknown,,15:48:36
Unknown,,15:48:36
Unknown,,15:48:36
Unknown,,15:48:36
Unknown,,15:48:36
Unknown,,15:48:36
Unknown,,15:48:36
Unknown,,15:48:36
Unknown,,15:48:36
Unknown,,15:48:36
Unknown,,15:48:36
Unknown,,15:48:36
Unknown,,15:48:36
Unknown,,15:48:36
Unknown,,15:48:36
Unknown,,15:48:36
Unknown,,15:48:36
Unknown,,15:48:36
Unknown,,15:48:37
Unknown,,15:48:37
Unknown,,15:48:37
Unknown,,15:48:37
Unknown,,15:48:37
Unknown,,15:48:37
Unknown,,15:48:37
Unknown,,15:48:37
Unknown,,15:48:37
Unknown,,15:48:37
Unknown,,15:48:37
Unknown,,15:48:37
Unknown,,15:48:37
Unknown,,15:48:37
Unknown,,15:48:37
Unknown,,15:48:37
Unknown,,15:48:37
Unknown,,15:48:37
Unknown,,15:48:37
Unknown,,15:48:37
Unknown,,15:48:37
Unknown,,15:48:37
Unknown,,15:48:37
Unknown,,15:48:38
Unknown,,15:48:38
Unknown,,15:48:38
Unknown,,15:48:38
Unknown,,15:48:38
Unknown,,15:48:38
Unknown,,15:48:38
Unknown,,15:48:38
Unknown,,15:48:38
Unknown,,15:48:38
Unknown,,15:48:38
Unknown,,15:48:38
Unknown,,15:48:38
Unknown,,15:48:38
Unknown,,15:48:38
Unknown,,15:48:38
Unknown,,15:48:38
Unknown,,15:48:38
Unknown,,15:48:38
Unknown,,15:48:38
Unknown,,15:48:38
Unknown,,15:48:39
Unknown,,15:48:39
Unknown,,15:48:39
Unknown,,15:48:39
Unknown,,15:48:39
Unknown,,15:48:39
Unknown,,15:48:39
Unknown,,15:48:39
Unknown,,15:48:39
Unknown,,15:48:39
Unknown,,15:48:39
Unknown,,15:48:39
Unknown,,15:48:39
Unknown,,15:48:39
Unknown,,15:48:39
Unknown,,15:48:39
Unknown,,15:48:39
Unknown,,15:48:39
Unknown,,15:48:39
Unknown,,15:48:39
Unknown,,15:48:39
Unknown,,15:48:39
Unknown,,15:48:40
Unknown,,15:48:40
Unknown,,15:48:40
Unknown,,15:48:40
Unknown,,15:48:40
Unknown,,15:48:40
Unknown,,15:48:40
Unknown,,15:48:40
Unknown,,15:48:40
Unknown,,15:48:40
Unknown,,15:48:40
Unknown,,15:48:40
Unknown,,15:48:40
Unknown,,15:48:40
Unknown,,15:48:40
Unknown,,15:48:40
Unknown,,15:48:40
Unknown,,15:48:40
Unknown,,15:48:40
Unknown,,15:48:40
Unknown,,15:48:40
Unknown,,15:48:40
Unknown,,15:48:40
Unknown,,15:48:41
Unknown,,15:48:41
Unknown,,15:48:41
Unknown,,15:48:41
Unknown,,15:48:41
Unknown,,15:48:41
Unknown,,15:48:41
Unknown,,15:48:41
Unknown,,15:48:41
Unknown,,15:48:41
Unknown,,15:48:41
Unknown,,15:48:41
Unknown,,15:48:41
Unknown,,15:48:41
Unknown,,15:48:41
Unknown,,15:48:41
Unknown,,15:48:41
Unknown,,15:48:41
Unknown,,15:48:41
Unknown,,15:48:41
Unknown,,15:48:42
Unknown,,15:48:42
Unknown,,15:48:42
Unknown,,15:48:42
Unknown,,15:48:42
Unknown,,15:48:42
Unknown,,15:48:42
Unknown,,15:48:42
Unknown,,15:48:42
Unknown,,15:48:42
Unknown,,15:48:42
Unknown,,15:48:42
Unknown,,15:48:42
Unknown,,15:48:42
Unknown,,15:48:42
Unknown,,15:48:42
Unknown,,15:48:42
Unknown,,15:48:42
Unknown,,15:48:42
Unknown,,15:48:42
Unknown,,15:48:42
Unknown,,15:48:42
Unknown,,15:48:43
Unknown,,15:48:43
Unknown,,15:48:43
Unknown,,15:48:43
Unknown,,15:48:43
Unknown,,15:48:43
Unknown,,15:48:43
Unknown,,15:48:43
Unknown,,15:48:43
Unknown,,15:48:43
Unknown,,15:48:43
Unknown,,15:48:43
Unknown,,15:48:43
Unknown,,15:48:43
Unknown,,15:48:43
Unknown,,15:48:43
Unknown,,15:48:43
Unknown,,15:48:43
Unknown,,15:48:43
Unknown,,15:48:43
Unknown,,15:48:43
Unknown,,15:48:43
Unknown,,15:48:43
Unknown,,15:48:44
Unknown,,15:48:44
Unknown,,15:48:44
Unknown,,15:48:44
Unknown,,15:48:44
Unknown,,15:48:44
Unknown,,15:48:44
Unknown,,15:48:44
Unknown,,15:48:44
Unknown,,15:48:44
Unknown,,15:48:44
Unknown,,15:48:44
Unknown,,15:48:44
Unknown,,15:48:44
Unknown,,15:48:44
Unknown,,15:48:44
Unknown,,15:48:44
Unknown,,15:48:44
Unknown,,15:48:44
Unknown,,15:48:44
Unknown,,15:48:45
Unknown,,15:48:45
Unknown,,15:48:45
Unknown,,15:48:45
Unknown,,15:48:45
Unknown,,15:48:45
Unknown,,15:48:45
Unknown,,15:48:45
Unknown,,15:48:45
Unknown,,15:48:45
Unknown,,15:48:45
Unknown,,15:48:45
Unknown,,15:48:45
Unknown,,15:48:45
Unknown,,15:48:45
Unknown,,15:48:45
Unknown,,15:48:45
Unknown,,15:48:45
Unknown,,15:48:45
Unknown,,15:48:45
Unknown,,15:48:45
Unknown,,15:48:45
Unknown,,15:48:45
Unknown,,15:48:46
Unknown,,15:48:46
Unknown,,15:48:46
Unknown,,15:48:46
Unknown,,15:48:46
Unknown,,15:48:46
Unknown,,15:48:46
Unknown,,15:48:46
Unknown,,15:48:46
Unknown,,15:48:46
Unknown,,15:48:46
Unknown,,15:48:46
Unknown,,15:48:46
Unknown,,15:48:46
Unknown,,15:48:46
Unknown,,15:48:46
Unknown,,15:48:46
Unknown,,15:48:46
Unknown,,15:48:46
Unknown,,15:48:47
Unknown,,15:48:47
Unknown,,15:48:47
Unknown,,15:48:47
Unknown,,15:48:47
Unknown,,15:48:47
Unknown,,15:48:47
Unknown,,15:48:47
Unknown,,15:48:47
Unknown,,15:48:51
Unknown,,15:48:51
Unknown,,15:48:51
Unknown,,15:48:51
Unknown,,15:57:31
Unknown,,15:57:31
Unknown,,15:57:31
Unknown,,15:57:32
Unknown,,15:57:35
Unknown,,15:57:35
Unknown,,15:57:35
Unknown,,15:57:35
Unknown,,15:57:35
Unknown,,15:57:35
Unknown,,15:57:35
Unknown,,15:57:35
Unknown,,15:57:35
Unknown,,15:57:36
Unknown,,15:57:36
Unknown,,15:57:36
Unknown,,15:57:36
Unknown,,15:57:36
Unknown,,15:57:36
Unknown,,15:57:36
Unknown,,15:57:36
Unknown,,15:57:36
Unknown,,15:57:36
Unknown,,15:57:36
Unknown,,15:57:36
Unknown,,15:57:36
Unknown,,15:57:36
Unknown,,15:57:36
Unknown,,15:57:36
Unknown,,15:57:36
Unknown,,15:57:36
Unknown,,15:57:36
Unknown,,15:57:36
Unknown,,15:57:37
Unknown,,15:57:37
Unknown,,15:57:37
Unknown,,15:57:37
Unknown,,15:57:37
Unknown,,15:57:37
Unknown,,15:57:37
Unknown,,15:57:37
Unknown,,15:57:37
Unknown,,15:57:37
Unknown,,15:57:37
Unknown,,15:57:37
Unknown,,15:57:37
Unknown,,15:57:37
Unknown,,15:57:37
Unknown,,15:57:37
Unknown,,15:57:37
Unknown,,15:57:37
Unknown,,15:57:37
Unknown,,15:57:37
Unknown,,15:57:37
Unknown,,15:57:37
Unknown,,15:57:38
Unknown,,15:57:38
Unknown,,15:57:38
Unknown,,15:57:38
Unknown,,15:57:38
Unknown,,15:57:38
Unknown,,15:57:38
Unknown,,15:57:38
Unknown,,15:57:38
Unknown,,15:57:38
Unknown,,15:57:38
Unknown,,15:57:38
Unknown,,15:57:38
Unknown,,15:57:38
Unknown,,15:57:38
Unknown,,15:57:38
Unknown,,15:57:38
Unknown,,15:57:38
Unknown,,15:57:38
Unknown,,15:57:38
Unknown,,15:57:38
Unknown,,15:57:39
Unknown,,15:57:39
Unknown,,15:57:39
Unknown,,15:57:39
Unknown,,15:57:39
Unknown,,15:57:39
Unknown,,15:57:39
Unknown,,15:57:39
Unknown,,15:57:39
Unknown,,15:57:39
Unknown,,15:57:39
Unknown,,15:57:39
Unknown,,15:57:39
Unknown,,15:57:39
Unknown,,15:57:39
Unknown,,15:57:39
Unknown,,15:57:39
Unknown,,15:57:39
Unknown,,15:57:39
Unknown,,15:57:39
Unknown,,15:57:40
Unknown,,15:57:40
Unknown,,15:57:40
Unknown,,15:57:40
Unknown,,15:57:40
Unknown,,15:57:40
Unknown,,15:57:40
Unknown,,15:57:40
Unknown,,15:57:40
Unknown,,15:57:40
Unknown,,15:57:40
Unknown,,15:57:40
Unknown,,15:57:40
Unknown,,15:57:40
Unknown,,15:57:40
Unknown,,15:57:40
Unknown,,15:57:40
Unknown,,15:57:40
Unknown,,15:57:40
Unknown,,15:57:40
Unknown,,15:57:40
Unknown,,15:57:40
Unknown,,15:57:41
Unknown,,15:57:41
Unknown,,15:57:41
Unknown,,15:57:41
Unknown,,15:57:41
Unknown,,15:57:41
Unknown,,15:57:41
Unknown,,15:57:41
Unknown,,15:57:41
Unknown,,15:57:41
Unknown,,15:57:41
Unknown,,15:57:41
Unknown,,15:57:41
Unknown,,15:57:41
Unknown,,15:57:41
Unknown,,15:57:41
Unknown,,15:57:41
Unknown,,15:57:41
Unknown,,15:57:41
Unknown,,15:57:41
Unknown,,15:57:41
Unknown,,15:57:41
Unknown,,15:57:42
Unknown,,15:57:42
Unknown,,15:57:42
Unknown,,15:57:42
Unknown,,15:57:42
Unknown,,15:57:42
Unknown,,15:57:42
Unknown,,15:57:42
Unknown,,15:57:42
Unknown,,15:57:42
Unknown,,15:57:42
Unknown,,15:57:43
Unknown,,15:57:43
Unknown,,15:57:43
Unknown,,15:57:43
Unknown,,15:57:43
Unknown,,15:57:43
Unknown,,15:57:43
Unknown,,15:57:43
Unknown,,15:57:43
Unknown,,15:57:43
Unknown,,15:57:43
Unknown,,15:57:43
Unknown,,15:57:43
Unknown,,15:57:43
Unknown,,15:57:43
Unknown,,15:57:43
Unknown,,15:57:43
Unknown,,15:57:43
Unknown,,15:57:43
Unknown,,15:57:43
Unknown,,15:57:44
Unknown,,15:57:44
Unknown,,15:57:44
Unknown,,15:57:44
Unknown,,15:57:44
Unknown,,15:57:44
Unknown,,15:57:44
Unknown,,15:57:44
Unknown,,15:57:44
Unknown,,15:57:44
Unknown,,15:57:44
Unknown,,15:57:44
Unknown,,15:57:44
Unknown,,15:57:44
Unknown,,15:57:44
Unknown,,15:57:44
Unknown,,15:57:44
Unknown,,15:57:44
Unknown,,15:57:44
Unknown,,15:57:44
Unknown,,15:57:45
Unknown,,15:57:45
Unknown,,15:57:45
Unknown,,15:57:45
Unknown,,15:57:45
Unknown,,15:57:45
Unknown,,15:57:45
Unknown,,15:57:45
Unknown,,15:57:45
Unknown,,15:57:45
Unknown,,15:57:45
Unknown,,15:57:45
Unknown,,15:57:45
Unknown,,15:57:45
Unknown,,15:57:45
Unknown,,15:57:45
Unknown,,15:57:45
Unknown,,15:57:45
Unknown,,15:57:45
Unknown,,15:57:45
Unknown,,15:57:45
Unknown,,15:57:46
Unknown,,15:57:46
Unknown,,15:57:46
Unknown,,15:57:46
Unknown,,15:57:46
Unknown,,15:57:46
Unknown,,15:57:47
Unknown,,15:57:47
Unknown,,15:57:47
Unknown,,15:57:47
Unknown,,15:57:47
Unknown,,15:57:47
Unknown,,15:57:47
